,In Sample,Out Of Sample
CumRet,0.062128429059941315,-0.42151654983144393
AvgDR,-0.013033446287631019,0.0007119905779887385
StdDR,0.6292926633071557,0.06058175272566671
SR,-0.3287811183620158,0.1865660784404395
