,Portfolio,Benchmark
cum_ret,5.7861,0.0123
avg_dr,0.003817,0.000168
ssdr,0.004548,0.017004
sharpe_ratio,13.32277,0.156918
